TitlePrefix,Season,Run Time,Release Date on Netflix,Production Date,Released at once,Netflix show,Genre 1,Genre 2,Genre 3
The Office,Season 1,0:22:00,01.01.2021,14.06.2005,Non-Bingeable Schedule,Non-Netflix,Comedy,Sitcoms,
Friends,Season 1,0:22:00,,22.09.1994,,Non-Netflix,Comedy,Romance,
Brooklyn Nine-Nine,Season 1,0:22:00,07.03.2016,17.09.2013,Non-Bingeable Schedule,Non-Netflix,Comedy,Crime,Sitcoms
Grey's Anatomy,Season 1,0:41:00,07.03.2016,27.03.2005,Non-Bingeable Schedule,Non-Netflix,Medical TV,Romantic TV Dramas,Dramas
Family Guy,Season 1,0:22:00,,31.01.1999,,Non-Netflix,Animation,Comedy,
Modern Family,Season 1,0:22:00,,,,Non-Netflix,Comedy,Drama,Romance
How I Met Your Mother,Season 1,0:22:00,,19.09.2005,,Non-Netflix,Comedy,Drama,Romance
Suits,Season 1,0:44:00,07.03.2016,03.10.2011,Non-Bingeable Schedule,Non-Netflix,Dramas,Courtroom TV,Comedies
Pretty Little Liars,Season 1,0:44:00,07.03.2016,08.06.2010,Non-Bingeable Schedule,Non-Netflix,Romantic TV Dramas,Dramas,Based on Books
Gilmore Girls,Season 1,0:44:00,Unsure,27.05.2007,Bingeable Schedule,Non-Netflix,Romantic TV Dramas,Dramas,Teen
Gossip Girl,Season 1,0:42:00,,19.09.2007,,Non-Netflix,Drama,Romance,
Breaking Bad,Season 1,0:49:00,Unsure,20.01.2008,,Non-Netflix,Dramas,Crime,Thriller
Full House,Season 1,0:22:00,02.06.2021,10.03.1987,Bingeable Schedule,Non-Netflix,Sitcoms,Family,Comedies
Riverdale,Season 1,0:45:00,28.01.2017,27.01.2017,,Netflix,Dramas,Teen,Mysteries
The Fresh Prince of Bel-Air,Season 1,0:22:00,,10.09.1990,,Non-Netflix,Comedy,,
Schitt's Creek,Season 1,0:22:00,,13.01.2015,,Non-Netflix,Comedy,,
Community,Season 1,0:22:00,01.04.2020,17.09.2009,Bingeable Schedule,Non-Netflix,Sitcoms,Comedies,
New Girl,Season 1,0:22:00,,20.09.2011,,Non-Netflix,Comedy,Romance,
Superstore,Season 1,0:22:00,15.01.2021,30.11.2015,Non-Bingeable Schedule,Non-Netflix,Sitcoms,Comedies,
Shameless (U.S.),Season 1,0:46:00,04.03.2017,09.01.2011,Non-Bingeable Schedule,Non-Netflix,Dramas,Comedies,
Stranger Things,Season 1,0:51:00,15.07.2016,15.07.2016,Non-Bingeable Schedule,Netflix,Sci-Fi,Teen,Horror
The Flash,Season 1,0:43:00,01.09.2018,07.10.2014,Non-Bingeable Schedule,Non-Netflix,Sci-Fi,Action,Based on Comics
Star Trek,Season 1,0:50:00,02.07.2016,04.10.1998,Bingeable Schedule,Non-Netflix,Family,Action,
Teen Titans Go!,Season 1,0:10:00,01.05.2016,06.09.2013,Non-Bingeable Schedule,Non-Netflix,Kids,Comedies,TV Cartoons
Glee,Season 1,0:44:00,,19.05.2009,,Non-Netflix,Comedy,Drama,Music
Arrested Development,Season 1,0:22:00,07.03.2016,02.11.2003,Non-Bingeable Schedule,Non-Netflix,Sitcoms,Comedies,
Lucifer,Season 1,0:42:00,13.12.2018,25.01.2016,Non-Bingeable Schedule,Non-Netflix,Dramas,Crime,Fantasy
Jane The Virgin,Season 1,1:00:00,28.11.2016,13.10.2014,Non-Bingeable Schedule,Non-Netflix,Romantic TV Dramas,Dramas,Comedies
Fuller House,Season 1,0:30:00,01.03.2016,26.02.2016,Non-Bingeable Schedule,Netflix,Sitcoms,Family,Comedies
Prison Break,Season 1,0:44:00,,29.08.2005,Non-Bingeable Schedule,Non-Netflix,,,
The Blacklist,Season 1,0:43:00,05.03.2017,23.09.2013,Non-Bingeable Schedule,Non-Netflix,Dramas,Crime,Thriller
Parks and Recreation,Season 1,0:22:00,,09.04.2009,,Non-Netflix,Comedy,,
SpongeBob SquarePants,Season 1,0:23:00,07.07.2018,23.07.2002,Non-Bingeable Schedule,Non-Netflix,Kids,Comedies,TV Cartoon
13 Reasons Why,Season 1,1:00:00,31.03.2017,31.03.2017,Non-Bingeable Schedule,Netflix,Dramas,Based on Books,Teen Mysteries
The Walking Dead,Season 1,0:44:00,07.03.2016,31.10.2010,Non-Bingeable Schedule,Non-Netflix,Dramas,Action,Horror
Naruto,Season 1,0:24:00,07.03.2016,16.09.2005,Non-Bingeable Schedule,Non-Netflix,Shounen Anime,Sci-Fi & Fantasy Anime,Anime Action
Victorious,Season 1,0:30:00,07.07.2018,21.03.2010,Bingeable Schedule,Non-Netflix,Kids,Sitcoms,Comedies
The Fosters,Season 1,1:00:00,,03.06.2013,,Non-Netflix,Drama,Romance,
The Vampire Diaries,Season 1,0:43:00,,10.09.2009,,Non-Netflix,Drama,Fantasy,Horror
That '70s Show,Season 1,0:22:00,,23.08.1998,,Non-Netflix,Comedy,Drama,Romance
Orange Is the New Black,Season 1,0:59:00,07.03.2016,11.07.2013,Non-Bingeable Schedule,Netflix,Dramas,Based on Books,Comedies
Naruto Shippuden,Season 1,0:24:00,07.03.2016,21.11.2013,Non-Bingeable Schedule,Non-Netflix,Shounen Anime,Anime Action,Japanese
iCarly,Season 1,0:30:00,,08.10.2007,,Non-Netflix,Comedy,Family,Romance
Ozark,Season 1,1:00:00,21.07.2017,21.07.2017,Non-Bingeable Schedule,Netflix,Dramas,Crime,Thriller
How to Get Away With Murder,Season 1,0:43:00,07.03.2016,25.09.2014,Non-Bingeable Schedule,Non-Netflix,Dramas,Courtroom TV,Mysteries
The 100,Season 1,0:43:00,07.03.2016,20.03.2014,Non-Bingeable Schedule,Non-Netflix,Political TV,Dramas,Sci-Fi
You,Season 1,0:45:00,26.12.2018,09.09.2018,Non-Bingeable Schedule,Non-Netflix,Dramas,Based on Books,Thriller
The Good Place,Season 1,0:22:00,19.09.2017,19.09.2016,Non-Bingeable Schedule,Non-Netflix,Sitcoms,Comedies,
The Mindy Project,Season 1,0:30:00,,25.09.2012,,Non-Netflix,Comedy,,
The Crown,Season 1,0:58:00,04.11.2016,04.11.2016,Non-Bingeable Schedule,Netflix,Political TV,Dramas,British
This Is Us,Season 1,0:45:00,20.09.2017,20.09.2016,Non-Bingeable Schedule,Non-Netflix,Dramas,,
Narcos,Season 1,0:49:00,07.03.2016,28.08.2015,Non-Bingeable Schedule,Netflix,Dramas,Action,Crime
Seinfeld,Season 1,0:22:00,01.10.2021,05.07.1989,Bingeable Schedule,Non-Netflix,Sitcoms,Comedies,
Outer Banks,Season 1,0:50:00,15.04.2020,15.04.2020,Non-Bingeable Schedule,Netflix,Dramas,Teen,Action
American Dad!,Season 1,0:22:00,,06.02.2005,,Non-Netflix,Animation,Comedy,
Life in Pieces,Season 1,0:22:00,21.09.2016,21.09.2015,Non-Bingeable Schedule,Non-Netflix,Sitcoms,Comedies,
Scandal,Season 1,0:43:00,,04.04.2012,,Non-Netflix,Drama,Thriller,
Downton Abbey,Season 1,0:58:00,07.03.2016,07.09.2011,Bingeable Schedule,Non-Netflix,Dramas,British,Period Pieces
Kim's Convenience,Season 1,0:22:00,,11.10.2016,,Non-Netflix,Comedy,,
Peaky Blinders,Season 1,1:00:00,09.08.2017,,Non-Bingeable Schedule,Netflix,Dramas,British,Period Pieces
Money Heist,Season 1,1:10:00,20.12.2017,20.12.2017,Non-Bingeable Schedule,Non-Netflix,Spanish,Crime,Thriller
Trailer Park Boys,Season 1,0:30:00,07.03.2016,22.04.2001,Non-Bingeable Schedule,Non-Netflix,Sitcoms,Canadian,Comedies
90210,Season 1,1:00:00,,02.09.2008,,Non-Netflix,Comedy,Drama,Romance
Big Mouth,Season 1,0:30:00,30.09.2017,29.09.2017,Non-Bingeable Schedule,Netflix,Sitcoms,Comedies,
Dynasty,Season 1,0:42:00,12.10.2017,11.10.2017,Non-Bingeable Schedule,Netflix,Dramas,Social Issue,
My Little Pony,Season 1,0:22:00,07.03.2016,23.06.2011,Non-Bingeable Schedule,Non-Netflix,Kids,TV Cartoons,
Supernatural,Season 1,0:44:00,,13.09.2005,,Non-Netflix,Drama,Fantasy,Horror
Once Upon a Time,Season 1,1:00:00,,23.10.2011,,Non-Netflix,Adventure,Fantasy,Romance
PAW Patrol,Season 1,0:23:00,07.03.2016,27.08.2013,Non-Bingeable Schedule,Non-Netflix,Kids,TV Cartoons,
LEGO Ninjago,Season 1,0:11:00,01.06.2021,23.01.2011,Non-Bingeable Schedule,Non-Netflix,Kids,Canadian,TV Cartoons
Sex Education,Season 1,0:45:00,11.01.2019,11.01.2019,Non-Bingeable Schedule,Netflix,Dramas,British,Teen
Squid Game,Season 1,0:55:00,17.09.2021,18.09.2021,Bingeable Schedule,Netflix,Dramas,Korean,Thriller
Manifest,Season 1,0:43:00,10.06.2021,24.09.2018,Non-Bingeable Schedule,Non-Netflix,Dramas,Sci-Fi,Mysteries
Better Call Saul,Season 1,0:46:00,07.03.2016,08.02.2015,Non-Bingeable Schedule,Non-Netflix,Dramas,Crime,
Grace and Frankie,Season 1,0:30:00,07.03.2016,08.05.2015,Non-Bingeable Schedule,Netflix,Sitcoms,Dramas,Comedies
Never Have I Ever,Season 1,0:30:00,27.04.2020,27.04.2020,Non-Bingeable Schedule,Netflix,Dramas,Teen,Comedies
House of Cards,Season 1,0:51:00,07.03.2016,01.02.2013,Non-Bingeable Schedule,Netflix,Political TV,Dramas,Thriller
Hunter X Hunter (2011),Season 1,0:24:00,08.03.2019,02.10.2011,Non-Bingeable Schedule,Non-Netflix,Shounen Anime,Sci-fi & Fantasy Anime,Anime Action
Sons of Anarchy,Season 1,0:45:00,,20.10.2008,,Non-Netflix,Crime,Drama,Thriller
Young Sheldon,Season 1,0:30:00,15.07.2022,25.09.2017,Non-Bingeable Schedule,Non-Netflix,Sitcoms,Family,Comedies
Too Hot to Handle,Season 1,0:40:00,17.04.2020,17.04.2020,Non-Bingeable Schedule,Netflix,Competition,Reality,
The Good Wife,Season 1,0:43:00,,22.09.2009,,Non-Netflix,Crime,Drama,Mystery
Love Is Blind,Season 1,0:48:00,13.02.2020,13.02.2020,Non-Bingeable Schedule,Netflix,Competition,Wedding & Romance,Reality
The Umbrella Academy,Season 1,1:00:00,15.02.2019,15.02.2019,Non-Bingeable Schedule,Netflix,Sci-Fi,Action,Based on Comics
Archer,Season 1,0:22:00,07.03.2016,28.12.2010,Non-Bingeable Schedule,Non-Netflix,Sitcoms,Comedies,Action
Bridgerton,Season 1,1:00:00,25.12.2020,25.12.2020,Non-Bingeable Schedule,Netflix,Romantic TV Dramas,Dramas,Based on Books
Emily in Paris,Season 1,0:30:00,02.10.2020,02.10.2020,Non-Bingeable Schedule,Netflix,Romantic TV Dramas,Dramas,Comedies
Switched at Birth,Season 1,1:00:00,,06.06.2011,,Non-Netflix,Drama,Family,Romance
Supergirl,Season 1,0:43:00,26.10.2016,26.10.2015,Non-Bingeable Schedule,Non-Netflix,Sci-Fi,Action,Based on Comics
BoJack Horseman,Season 1,0:25:00,07.03.2016,22.08.2014,Non-Bingeable Schedule,Netflix,Sitcoms,Comedies,
Designated Survivor,Season 1,1:00:00,28.09.2018,21.09.2016,Non-Bingeable Schedule,Non-Netflix,Political TV,Dramas,Crime
Selling Sunset,Season 1,0:30:00,22.03.2019,21.03.2019,Non-Bingeable Schedule,Netflix,Reality-TV,,
Outlander,Season 1,1:00:00,30.03.2017,09.08.2014,Non-Bingeable Schedule,Non-Netflix,Romantic TV Dramas,Political TV,Dramas
On My Block,Season 1,0:30:00,16.03.2018,16.03.2018,Non-Bingeable Schedule,Netflix,Romantic TV Dramas,Dramas,Teen
Formula 1,Season 1,0:40:00,08.03.2019,08.03.2019,Non-Bingeable Schedule,Netflix,Documentary,Sport,
Black Mirror,Season 1,1:00:00,15.06.2016,04.12.2011,Non-Bingeable Schedule,Non-Netflix,Dramas,British,Sci-Fi
Miraculous,Season 1,0:20:00,10.11.2017,19.10.2015,Non-Bingeable Schedule,Non-Netflix,Kids,TV Cartoons,
Sam & Cat,Season 1,0:30:00,07.07.2018,12.08.2013,Bingeable Schedule,Non-Netflix,Kids,Sitcoms,Comedies
Blindspot,Season 1,0:42:00,15.06.2021,21.09.2015,Bingeable Schedule,Non-Netflix,Dramas,Mysteries,Crime
H2O,Season 1,0:23:00,09.02.2017,06.07.2008,Bingeable Schedule,Non-Netflix,Kids,Dramas,Family
Murdoch Mysteries,Season 1,0:48:00,,24.01.2008,,Non-Netflix,Crime,Drama,Mystery
Gotham,Season 1,0:42:00,07.03.2016,22.09.2014,Non-Bingeable Schedule,Non-Netflix,Dramas,Action,Crime
The Seven Deadly Sins,Season 1,0:24:00,07.03.2016,17.06.2015,Non-Bingeable Schedule,Netflix,Anime Action,Japanese,Anime
Bones,Season 1,0:40:00,,13.09.2005,,Non-Netflix,Comedy,Crime,Drama
Virgin River,Season 1,0:44:00,06.12.2019,06.12.2019,Non-Bingeable Schedule,Netflix,Medical TV,Romantic TV Dramas,Dramas
Vikings,Season 1,0:44:00,01.01.2020,03.03.2013,Non-Bingeable Schedule,Non-Netflix,Political TV,Dramas,Canadian
Last Man Standing,Season 1,0:30:00,,11.10.2011,,Non-Netflix,Comedy,,
Animal Kingdom,Season 1,1:00:00,14.06.2017,14.06.2016,Non-Bingeable Schedule,Non-Netflix,Dramas,Crime,
The Secret Life of the American Teenager,Season 1,0:43:00,,03.09.2008,,Non-Netflix,Comedy,Drama,Family
Shark Tank,Season 1,1:00:00,,09.08.2009,,Non-Netflix,Family,Game-Show,Reality-TV
RuPaul's Drag Race,Season 1,1:03:00,30.06.2017,20.06.2017,Non-Bingeable Schedule,Non-Netflix,Competition,Reality,LGBTQ
Forensic Files,Season 1,0:30:00,,23.12.2021,,Non-Netflix,Documentary,Crime,
Good Girls,Season 1,0:43:00,03.07.2018,02.07.2018,Non-Bingeable Schedule,Non-Netflix,Dramas,Comedies,Crime
The Ranch,Season 1,0:30:00,01.04.2016,01.04.2016,Non-Bingeable Schedule,Netflix,Sitcoms,Dramas,Comedies
Merlin,Season 1,0:45:00,,21.06.2009,,Non-Netflix,Adventure,Drama,Fantasy
Dragons' Den,Season 1,1:00:00,,04.01.2005,,Non-Netflix,Game-Show,Reality-TV,
Bob's Burgers,Season 1,0:22:00,,09.01.2011,,Non-Netflix,Animation,Comedy,
Peppa Pig,Season 1,0:09:00,07.03.2016,01.06.2004,Non-Bingeable Schedule,Non-Netflix,Kids,British,TV Cartoons
Sword Art Online,Season 1,0:24:00,15.06.2019,,,Non-Netflix,Sci-Fi & Fantasy Anime,Anime Action,Japanese
Black Money Love,Season 1,1:30:00,15.10.2019,12.03.2014,Non-Bingeable Schedule,Non-Netflix,Dramas,Turkish,Crime
Heartland,Season 1,1:00:00,,14.10.2007,,Non-Netflix,Drama,Family,
Blue Mountain State,Season 1,0:22:00,,11.01.2010,,Non-Netflix,Comedy,Sport,
Drop Dead Diva,Season 1,1:00:00,,01.06.2010,,Non-Netflix,Comedy,Drama,
The Disastrous Life of Saiki K.,Season 1,0:24:00,01.04.2018,04.07.2016,Non-Bingeable Schedule,Non-Netflix,Shounen Anime,Sci-Fi & Fantasy Anime,Japanese
"Nicky, Ricky, Dicky & Dawn",Season 1,0:30:00,13.04.2018,01.03.2017,Non-Bingeable Schedule,Non-Netflix,Kids,Sitcoms,Comedies
The Last Kingdom,Season 1,1:00:00,07.03.2016,22.10.2015,Non-Bingeable Schedule,Non-Netflix,Dramas,British,Based on Books
Homeland,Season 1,0:55:00,,01.11.2011,,Non-Netflix,Crime,Drama,Mystery
The Circle,Season 1,0:48:00,01.01.2020,01.01.2020,Non-Bingeable Schedule,Netflix,Competition,Reality,
Mr. D,Season 1,0:30:00,,09.01.2012,,Non-Netflix,Comedy,,
Criminal Minds,Season 1,0:42:00,,22.09.2005,,Non-Netflix,Crime,Drama,Mystery
Crash Landing on You,Season 1,1:10:00,14.12.2019,14.12.2019,Bingeable Schedule,Netflix,Romantic TV Dramas,Dramas,Korean
"House, M.D.",Season 1,0:44:00,,25.02.2006,,Non-Netflix,Drama,Mystery,
Haikyu!!,Season 1,0:24:00,,01.11.2019,,Non-Netflix,Animation,Comedy,Drama
Quantico,Season 1,0:42:00,,27.09.2015,,Non-Netflix,Crime,Drama,Mystery
Bella and the Bulldogs,Season 1,0:30:00,,17.01.2015,,Non-Netflix,Comedy,Family,Sport
A Series of Unfortunate Events,Season 1,0:50:00,13.01.2017,13.01.2017,Non-Bingeable Schedule,Netflix,Kids,Dramas,Family
Shadowhunters,Season 1,0:42:00,07.03.2016,12.01.2016,Non-Bingeable Schedule,Netflix,Sci-Fi,Based on Books,Teen
Comedians in Cars Getting Coffee,Season 1,0:20:00,05.01.2018,06.01.2018,Non-Bingeable Schedule,Non-Netflix,Talk Show,Comedies,
Scrubs,Season 1,0:22:00,,02.10.2001,,Non-Netflix,Comedy,Drama,
Marvel's Daredevil,Season 1,0:54:00,,10.04.2015,,Non-Netflix,Action,Crime,Drama
Dead to Me,Season 1,0:30:00,03.05.2019,03.05.2019,Non-Bingeable Schedule,Netflix,Dramas,Comedies,
Mad Men,Season 1,0:47:00,,08.06.2008,,Non-Netflix,Drama,,
Pac-Man and the Ghostly Adventures,Season 1,0:30:00,,15.01.2013,,Non-Netflix,Animation,Action,Adventure
Drake & Josh,Season 1,0:23:00,,11.01.2004,,Non-Netflix,Comedy,Family,
The Queen's Gambit,Season 1,1:00:00,23.10.2020,23.10.2020,Bingeable Schedule,Netflix,Dramas,Based on Books,Social Issue
Unbreakable Kimmy Schmidt,Season 1,0:30:00,07.03.2016,06.03.2015,Non-Bingeable Schedule,Netflix,Sitcoms,Comedy,LGBTQ
Dawson's Creek,Season 1,1:00:00,,20.01.1998,,Non-Netflix,Drama,Romance,
Workin' Moms,Season 1,0:30:00,04.01.2019,10.01.2017,Non-Bingeable Schedule,Non-Netflix,Sitcoms,Canadian,Comedies
Lethal Weapon,Season 1,0:44:00,21.09.2017,21.09.2016,Non-Bingeable Schedule,Non-Netflix,Comedies,Action,Crime
The Witcher,Season 1,1:00:00,20.12.2019,20.12.2019,Non-Bingeable Schedule,Netflix,Dramas,Based on Books,Action
Mako Mermaids,Season 1,0:30:00,07.03.2016,26.07.2013,Non-Bingeable Schedule,Netflix,Kids,Australian,
Elite,Season 1,1:00:00,05.10.2018,05.10.2018,Non-Bingeable Schedule,Netflix,Dramas,Spanish,Teen
One Day at a Time,Season 1,0:30:00,06.01.2017,06.01.2017,Non-Bingeable Schedule,Netflix,Sitcoms,Family,Comedies
Nailed It!,Season 1,0:33:00,09.03.2018,09.03.2018,Non-Bingeable Schedule,Netflix,Family,Good & Travel,Competition
Attack on Titan,Season 1,0:24:00,01.06.2021,07.04.2013,Non-Bingeable Schedule,Non-Netflix,Shounen Anime,Sci-Fi Fantasy & Fantasy Anime,Anime Action
Tiger King,Season 1,0:45:00,20.03.2020,20.03.2020,Non-Bingeable Schedule,Netflix,,,
Everybody Loves Raymond,Season 1,0:22:00,10.11.2021,13.09.1996,Non-Bingeable Schedule,Non-Netflix,Sitcoms,Comedies,
White Collar,Season 1,0:40:00,,30.10.2009,,Non-Netflix,Comedy,Crime,Drama
Lost,Season 1,0:44:00,,02.10.2004,,Non-Netflix,Adventure,Drama,Fantasy
Lost in Space,Season 1,1:00:00,13.04.2018,13.04.2018,Non-Bingeable Schedule,Netflix,Dramas,Family,Action
Friday Night Lights,Season 1,0:44:00,,03.10.2006,,Non-Netflix,Drama,Sport,
Dexter,Season 1,0:53:00,,01.10.2006,,Non-Netflix,Crime,Drama,Mystery
The X-Files,Season 1,0:45:00,,10.09.1993,,Non-Netflix,Crime,Drama,Mystery
Marvel's Jessica Jones,Season 1,0:56:00,,20.11.2015,,Non-Netflix,Action,Crime,Drama
Marvel's The Punisher,Season 1,0:53:00,,17.11.2017,,Non-Netflix,Action,Crime,Drama
Yu-Gi-Oh!,Season 1,0:24:00,09.02.2017,29.09.2001,Non-Bingeable Schedule,Non-Netflix,Shounen Anime,Anime Action,Japanese
Law & Order,Season 1,0:45:00,,13.09.1990,,Non-Netflix,Crime,Drama,Mystery
The Great Canadian Baking Show,Season 1,0:44:00,,01.11.2017,,Non-Netflix,Reality-TV,,
Atypical,Season 1,0:30:00,11.08.2017,11.09.2017,Non-Bingeable Schedule,Netflix,Dramas,Teen,Comedies
MINDHUNTER,Season 1,1:00:00,13.10.2017,13.10.2017,Non-Bingeable Schedule,Netflix,Dramas,Based on Books,Mysteries
Total Drama,Season 1,0:22:00,01.06.2021,08.07.2007,Bingeable Schedule,Non-Netflix,Kids,Family,Canadian
Numberblocks,Season 1,0:05:00,25.05.2020,23.01.2017,Bingeable Schedule,Non-Netflix,Kids,British,Education
CoComelon,Season 1,0:04:00,01.06.2020,15.12.2021,Non-Bingeable Schedule,Non-Netflix,Animation,Family,
Sherlock,Season 1,1:28:00,,05.06.2011,,Non-Netflix,Crime,Drama,Mystery
"Love, Death & Robots",Season 1,0:15:00,15.03.2019,15.03.2019,Non-Bingeable Schedule,Netflix,Sci-Fi,Action,Thriller
Impractical Jokers,Season 1,0:30:00,,15.12.2011,,Non-Netflix,Comedy,Reality-TV,
Ben & Holly's Little Kingdom,Season 1,0:10:00,20.03.2018,05.04.2009,Non-Bingeable Schedule,Non-Netflix,Kids,British,TV Cartoons
Terrace House,,0:30:00,,2015,,Netflix,,,
Chicago Med,Season 1,0:43:00,,17.11.2015,,Non-Netflix,Drama,,
Chilling Adventures of Sabrina,Season 1,1:00:00,26.10.2018,26.10.2018,Non-Bingeable Schedule,Netflix,Teen,Horror,Fantasy
Titans,Season 1,0:45:00,11.01.2019,11.01.2019,Non-Bingeable Schedule,Netflix,Sci-Fi,Action,Crime
Weeds,Season 1,0:28:00,,07.08.2005,,Non-Netflix,Comedy,Crime,Drama
Nashville,Season 1,0:43:00,,07.03.2016,,Non-Netflix,Drama,Music,Romance
The Legend of Korra,Season 1,0:23:00,,14.04.2012,,Non-Netflix,Animation,Action,Adventure
Fullmetal Alchemist,,0:24:00,,,,,,,
Fairy Tail,Season 1,0:24:00,,12.10.2009,,Non-Netflix,Animation,Action,Adventure
Queen of the South,Season 1,0:42:00,21.06.2017,16.08.2016,Non-Bingeable Schedule,Non-Netflix,Dramas,Based on Books,Action
Insatiable,Season 1,0:45:00,10.08.2018,10.08.2018,Non-Bingeable Schedule,Netflix,Dramas,Teen,Comedies
New Amsterdam,Season 1,0:43:00,,25.09.2018,,Non-Netflix,Drama,,
Degrassi,Season 1,0:30:00,,14.10.2001,,Non-Netflix,Drama,Romance,
ALVINNN!!! And the Chipmunks,Season 1,0:11:00,01.09.2016,09.09.2015,Non-Bingeable Schedule,Non-Netflix,Kids,TV Cartoons,
iZombie,Season 1,0:42:00,,17.03.2015,,Non-Netflix,Comedy,Crime,Drama
Top Boy,Season 1,1:00:00,13.09.2019,13.09.2019,Non-Bingeable Schedule,Non-Netflix,Dramas,British,Crime
Pocoyo,Season 1,0:07:00,07.03.2016,10.05.2005,Non-Bingeable Schedule,Non-Netflix,Kids,Spanish,Education
Disenchantment,Season 1,0:30:00,17.08.2018,17.08.2018,Non-Bingeable Schedule,Netflix,Comedies,Action,Fantasy
Alexa & Katie,Season 1,0:25:00,23.03.2018,17.08.2018,Non-Bingeable Schedule,Netflix,Kids,Sitcoms,Family
Raising Hope,Season 1,0:22:00,,21.09.2010,,Non-Netflix,Comedy,Family,
Rick and Morty,Season 1,0:23:00,,02.12.2013,,Non-Netflix,Animation,Adventure,Comedy
Trollhunters,Season 1,0:23:00,23.12.2016,23.12.2016,Non-Bingeable Schedule,Netflix,Kids,Family,Based on Books
Mom,Season 1,0:30:00,01.09.2021,23.09.2013,Bingeable Schedule,Non-Netflix,Sitcoms,Comedies,
Dance Academy,Season 1,0:24:00,,31.05.2010,,Non-Netflix,Drama,Family,Music
Resurrection,Season 1,0:43:00,,09.03.2014,,Non-Netflix,Drama,Fantasy,
Top Gear,Season 1,1:00:00,,20.10.2002,,Non-Netflix,Adventure,Comedy,Sport
F is for Family,Season 1,0:30:00,07.03.2016,18.12.2015,Non-Bingeable Schedule,Netflix,Sitcoms,Comedies,
Inventing Anna,Season 1,1:05:00,11.02.2022,11.02.2022,Bingeable Schedule,Netflix,Dramas,TV Shows Based on Real Life,
Project McÂ²,Season 1,0:26:00,07.03.2016,07.03.2016,Non-Bingeable Schedule,Netflix,Kids,,
Paradise PD,Season 1,0:28:00,31.08.2018,31.08.2018,Non-Bingeable Schedule,Netflix,Comedies,,
Last Chance U,Season 1,0:55:00,29.07.2016,29.07.2016,Non-Bingeable Schedule,Netflix,Documentary,Sport,
Highway to Heaven,Season 1,1:00:00,,19.09.1984,,Non-Netflix,Drama,Fantasy,
Marvel's Luke Cage,Season 1,0:55:00,,30.09.2016,,Non-Netflix,Action,Crime,Drama
Ever After High,Season 1,0:25:00,07.03.2016,08.06.2013,Non-Bingeable Schedule,Netflix,Kids,TV Cartoons,
Kath and Kim,Season 1,0:26:00,28.07.2018,28.07.2018,Bingeable Schedule,Non-Netflix,Sitcoms,Australian,Comedies
Greenhouse Academy,Season 1,0:25:00,08.09.2017,08.09.2017,Non-Bingeable Schedule,Netflix,Kids,Drama,Teen
Bloodline,Season 1,1:00:00,07.03.2016,20.03.2015,Non-Bingeable Schedule,Netflix,Dark,Suspenseful,
The Wiggles,Season 1,0:30:00,,31.07.1998,,Non-Netflix,Adventure,Comedy,Family
Ultimate Spider-Man,Season 1,0:23:00,,13.02.2016,,Non-Netflix,Animation,Action,Adventure
Vincenzo,Season 1,1:20:00,20.02.2021,20.02.2021,Bingeable Schedule,Netflix,Dramas,Korean,Comedies
The Sinner,Season 1,0:45:00,21.08.2018,21.08.2017,Non-Bingeable Schedule,Non-Netflix,Dramas,Based on Books,Mysteries
It's Okay to Not Be Okay,Season 1,1:20:00,20.06.2020,20.06.2020,Bingeable Schedule,Netflix,Romantic TV Dramas,Dramas,Korean
Richie Rich,Season 1,0:22:00,20.02.2015,20.02.2015,,Netflix,Kids,Sitcoms,Comedies
True and the Rainbow Kingdom,Season 1,0:22:00,12.10.2018,11.08.2017,Non-Bingeable Schedule,Non-Netflix,Kids,Canadian,Kids Music
Bleach,Season 1,0:24:00,,08.09.2006,,Non-Netflix,Animation,Action,Adventure
Marvel's Iron Fist,Season 1,0:55:00,,17.03.2017,,Non-Netflix,Action,Adventure,Crime
Explained,Season 1,0:18:00,23.05.2018,23.05.2018,Non-Bingeable Schedule,Netflix,Documentary,,
One-Punch Man,,0:24:00,,,,,,,
Dark,Season 1,1:00:00,01.12.2017,01.12.2017,Non-Bingeable Schedule,Netflix,Dramas,German,Sci-Fi
Santa Clarita Diet,Season 1,0:30:00,03.02.2017,03.02.2017,Non-Bingeable Schedule,Netflix,Comedies,Horror,
Bates Motel,Season 1,0:45:00,,18.03.2013,,Non-Netflix,Drama,Horror,Mystery
The End of the F***ing World,Season 1,0:25:00,05.01.2018,05.01.2018,Non-Bingeable Schedule,Netflix,Dramas,British,Teen
Futurama,Season 1,0:22:00,,28.03.1999,,Non-Netflix,Animation,Adventure,Comedy
Space Force,Season 1,0:30:00,29.05.2020,29.05.2020,Non-Bingeable Schedule,Netflix,Comedies,,
Locke & Key,Season 1,0:48:00,07.02.2020,07.02.2020,Non-Bingeable Schedule,Netflix,Dramas,Teen,Action
Call the Midwife,Season 1,1:00:00,,15.01.2012,,Non-Netflix,Drama,History,
Sex/Life,Season 1,0:45:00,25.06.2021,25.06.2021,Non-Bingeable Schedule,Netflix,Romantic TV Dramas,Dramas,Based on Books
The Originals,Season 1,0:45:00,,03.10.2013,,Non-Netflix,Drama,Fantasy,Horror
Sugar Rush,Season 1,0:55:00,13.07.2018,13.07.2018,Non-Bingeable Schedule,Netflix,Nollywood,Comedy Movies,African
A.P. Bio,Season 1,0:21:00,,01.02.2018,,Non-Netflix,Comedy,,
LEGO,Season 1,1:00:00,,01.06.2021,,Non-Netflix,Game-Show,,
Glow Up,Season 1,1:00:00,06.12.2019,22.08.2020,Non-Bingeable Schedule,Netflix,British,Competition,Reality
Chuck,Season 1,0:43:00,,24.09.2007,,Non-Netflix,Action,Comedy,Drama
Transformers Prime,Season 1,0:30:00,,26.11.2010,,Non-Netflix,Animation,Action,Adventure
Barbie Dreamhouse Adventures,Season 1,0:22:00,,22.06.2018,,Non-Netflix,Animation,Comedy,Family
My Next Guest Needs No Introduction With David Letterman,Season 1,1:00:00,12.01.2018,08.05.2018,Non-Bingeable Schedule,Netflix,Talk Show,Political TV,
Greenleaf,Season 1,1:00:00,04.03.2017,03.03.2017,Non-Bingeable Schedule,Non-Netflix,Dramas,,
The Ultimatum,Season 1,0:45:00,02.07.2017,27.05.2009,Bingeable Schedule,Non-Netflix,Dramas,Singaporean,
Magi,Season 1,0:25:00,23.01.2018,07.10.2012,Non-Bingeable Schedule,Non-Netflix,Shounen Anime,Sci-Fi & Fantasy Anime,Anime Action
Scream Queens,Season 1,0:45:00,,22.09.2015,,Non-Netflix,Comedy,Horror,Mystery
Doctor Who,Season 1,0:45:00,,05.04.2005,,Non-Netflix,Adventure,Drama,Sci-Fi
Zumbo's Just Desserts,Season 1,0:52:00,02.12.2021,02.01.2018,Non-Bingeable Schedule,Non-Netflix,Family,Food & Travel,Australian
Queer Eye,Season 1,0:45:00,07.02.2018,07.02.2018,Non-Bingeable Schedule,Netflix,Makeover Reality TV,Reality,LGBTQ
Raising Dion,Season 1,0:50:00,04.10.2019,04.10.2019,Non-Bingeable Schedule,Netflix,Kids,Dramas,Family
Arrow,Season 1,0:42:00,,10.10.2012,,Non-Netflix,Action,Adventure,Crime
All Hail King Julien,Season 1,0:23:00,07.03.2016,19.12.2014,Non-Bingeable Schedule,Netflix,Kids,Comedies,TV Cartoons
American Horror Story,Season 1,1:00:00,,24.10.2011,,Non-Netflix,Drama,Horror,Sci-Fi
Snowpiercer,Season 1,1:00:00,25.05.2020,25.05.2020,Non-Bingeable Schedule,Netflix,Political TV,Dramas,Sci-Fi
Spirit Riding Free,Season 1,0:23:00,05.05.2017,05.05.2017,Non-Bingeable Schedule,Netflix,Kids,TV Cartoons,
JoJo's Bizarre Adventure,Season 1,0:24:00,08.03.2019,05.10.2012,Non-Bingeable Schedule,Non-Netflix,Shounen Anime,Sci-Fi & Fantasy Anime,Japanese
Barbie Life in the Dreamhouse,Season 1,0:03:00,06.07.2017,11.05.2012,Non-Bingeable Schedule,Non-Netflix,Kids,Comedies,TV Cartoons
Imposters,Season 1,0:41:00,07.02.2018,07.02.2017,Non-Bingeable Schedule,Non-Netflix,Comedies,Crime,
Chicago Fire,Season 1,0:43:00,,10.10.2012,,Non-Netflix,Action,Drama,
The IT Crowd,Season 1,0:25:00,,03.02.2006,,Non-Netflix,Comedy,,
Young Justice,Season 1,0:23:00,,09.09.2011,,Non-Netflix,Animation,Action,Adventure
The Epic Tales of Captain Underpants,Season 1,0:24:00,13.07.2018,13.07.2018,Non-Bingeable Schedule,Netflix,Kids,Family,Based on Books
Girlfriends,Season 1,0:30:00,13.11.2020,11.09.2000,Bingeable Schedule,Non-Netflix,Sitcoms,Comedies,
Mike Tyson Mysteries,Season 1,0:12:00,,27.10.2014,,Non-Netflix,Animation,Adventure,Comedy
Ultimate Beastmaster,Season 1,0:55:00,24.02.2017,24.02.2017,Non-Bingeable Schedule,Netflix,Family,Competition,Reality
Hell on Wheels,Season 1,0:42:00,,06.11.2011,,Non-Netflix,Drama,Western,
LEGO Friends,Season 1,0:11:00,07.03.2016,,Bingeable Schedule,Non-Netflix,Children & Family,,
Making a Murderer,Season 1,1:00:00,07.03.2016,18.12.2015,Non-Bingeable Schedule,Netflix,Documentary,Crime,
Octonauts,Season 1,0:11:00,15.10.2018,04.10.2010,Non-Bingeable Schedule,Non-Netflix,Kids,British,Based on Books
The Last Man on Earth,Season 1,0:22:00,,31.12.2017,,Non-Netflix,Action,Comedy,Drama
Unsolved Mysteries,Season 1,0:45:00,,20.01.1987,,Non-Netflix,Documentary,Crime,Mystery
The Adventures of Puss in Boots,Season 1,0:23:00,07.03.2016,11.06.2017,Non-Bingeable Schedule,Netflix,Kids,Comedies,TV Cartoons
Love (ft. Marriage and Divorce),Season 1,1:10:00,23.01.2021,23.01.2021,Non-Bingeable Schedule,Netflix,Dramas,Korean,
Business Proposal,Season 1,1:00:00,28.02.2022,01.03.2022,Bingeable Schedule,Netflix,Korean,Comedies,Romantic TV
Heroes,Season 1,0:45:00,,25.09.2006,,Non-Netflix,Drama,Fantasy,Sci-Fi
One Tree Hill,Season 1,1:00:00,,21.09.2004,,Non-Netflix,Drama,Romance,Sport
Wentworth,Season 1,0:45:00,07.03.2016,01.05.2013,Non-Bingeable Schedule,Non-Netflix,Dramas,Australian,Crime
When Calls the Heart,Season 1,0:43:00,,11.01.2014,,Non-Netflix,Drama,History,Romance
Pinky Malinky,Season 1,0:12:00,01.01.2019,17.11.2018,Non-Bingeable Schedule,Netflix,Kids,Comedies,TV Cartoons
Family Reunion,Season 1,0:28:00,10.07.2019,10.07.2019,Non-Bingeable Schedule,Netflix,Kids,Sitcoms,Family
Love,Season 1,0:50:00,07.03.2016,19.02.2016,Non-Bingeable Schedule,Netflix,Romantic TV Dramas,Dramas,Comedies
The Society,Season 1,0:58:00,10.05.2019,10.05.2019,Bingeable Schedule,Netflix,Dramas,Teen,
Derry Girls,Season 1,0:30:00,21.12.2018,10.05.2019,Non-Bingeable Schedule,Netflix,Sitcoms,British,Teen
K-On!,Season 1,0:24:00,,03.04.2009,,Non-Netflix,Animation,Comedy,Drama
MeatEater,Season 1,0:21:00,14.10.2016,01.01.2012,Non-Bingeable Schedule,Non-Netflix,Nature & Ecology,Science & Nature,Docuseries
Bling Empire,Season 1,0:38:00,15.01.2021,15.01.2021,Non-Bingeable Schedule,Netflix,Reality-TV,,
Jeopardy!,Season 1,0:30:00,,10.09.1984,,Non-Netflix,Short,Game-Show,
The Big Bang Theory,Season 1,0:22:00,,01.05.2006,,Non-Netflix,Comedy,Romance,
Z Nation,Season 1,0:44:00,,07.05.2016,,Non-Netflix,Action,Comedy,Drama
Skins,Season 1,0:46:00,,25.01.2007,,Non-Netflix,Drama,,
Ashes of Love,Season 1,0:45:00,16.12.2018,02.08.2018,Bingeable Schedule,Non-Netflix,Romantic TV Dramas,Dramas,Based on Books
Scream,Season 1,0:45:00,,20.06.2015,,Non-Netflix,Comedy,Crime,Drama
Skin Wars,Season 1,1:00:00,,06.08.2014,,Non-Netflix,Reality TV,,
Haters Back Off,Season 1,0:30:00,14.10.2016,14.10.2016,Non-Bingeable Schedule,Netflix,Family,Teen,Comedies
Dirty John,Season 1,0:44:00,14.02.2019,14.02.2019,Non-Bingeable Schedule,Netflix,Dramas,Crime,Thriller
Cable Girls,Season 1,0:50:00,28.04.2017,28.04.2017,Non-Bingeable Schedule,Netflix,Romantic TV Dramas,Dramas,Spanish
Limitless,Season 1,0:42:00,,22.09.2015,,Non-Netflix,Comedy,Crime,Drama
Timeless,Season 1,1:00:00,,,,Non-Netflix,Action,Adventure,Drama
Greatest Events of WWII in Colour,Season 1,0:50:00,08.11.2019,08.11.2019,Bingeable Schedule,Netflix,Documentary,History,War
Cheer,Season 1,1:00:00,08.01.2020,08.01.2020,Non-Bingeable Schedule,Netflix,Documentary,Sport,
Lupin,Season 1,0:45:00,08.01.2021,08.01.2021,Non-Bingeable Schedule,Netflix,French,Dramas,Based on Books
Marlon,Season 1,0:22:00,,16.08.3017,,Non-Netflix,Comedy,,
"Pablo Escobar, el patrÃ³n del mal",Season 1,1:00:00,02.02.2021,28.05.2012,Bingeable Schedule,Non-Netflix,Dramas,Colombian,Based on Books
Mr. Iglesias,Season 1,0:30:00,21.06.2019,21.06.2019,Non-Bingeable Schedule,Netflix,Sitcoms,Teen,Comedies
Hannibal,Season 1,0:44:00,,04.04.2013,,Non-Netflix,Crime,Drama,Horror
Easy,Season 1,0:30:00,22.09.2016,22.09.2016,Non-Bingeable Schedule,Netflix,Dramas,Comedies,
24,Season 1,0:44:00,,06.11.2001,,Non-Netflix,Action,Crime,Drama
Extraordinary Attorney Woo,Season 1,1:15:00,29.06.2022,30.06.2022,Bingeable Schedule,Netflix,Dramas,Courtroom TV,Korean
Talking Tom and Friends,Season 1,0:11:00,15.02.2017,23.12.2014,Non-Bingeable Schedule,Non-Netflix,Kids,Comedies,TV Cartoons
Teenage Mutant Ninja Turtles,Season 1,0:23:00,,01.05.2009,,Non-Netflix,Animation,Action,Adventure
The Worst Witch,Season 1,0:30:00,21.07.2017,21.07.2017,Non-Bingeable Schedule,Netflix,Kids,British,Based on Books
Final Space,Season 1,0:30:00,20.07.2018,20.07.2018,Non-Bingeable Schedule,Netflix,Sci-Fi,Comedies,Action
The Dragon Prince,Season 1,0:26:00,14.09.2018,14.09.2018,Non-Bingeable Schedule,Netflix,Kids,Family,TV Cartoons
Winx Club,Season 1,0:25:00,,19.06.2004,,Non-Netflix,Animation,Action,Adventure
The Magic School Bus,Season 1,0:30:00,07.03.2016,19.05.2021,Bingeable Schedule,Non-Netflix,Kids,Based on Books,Education
Patriot Act with Hasan Minhaj,Season 1,0:25:00,28.10.2018,28.10.2018,Non-Bingeable Schedule,Netflix,Talk Show,Political TV,Comedies
Altered Carbon,Season 1,1:00:00,02.02.2018,02.02.2018,Non-Bingeable Schedule,Netflix,Dramas,Sci-Fi,Based on Books
All of Us Are Dead,Season 1,1:00:00,28.01.2022,28.01.2022,Bingeable Schedule,Netflix,Dramas,Korean,Teen
Brickleberry,Season 1,0:22:00,,25.09.2012,,Non-Netflix,Animation,Comedy,
My Name Is Earl,Season 1,0:22:00,,20.09.2005,,Non-Netflix,Comedy,,
Indian Matchmaking,Season 1,0:40:00,16.07.2020,16.07.2020,Non-Bingeable Schedule,Netflix,Documentary,Reality-TV,Romance
Love Now,Season 1,0:50:00,01.11.2016,31.10.2012,Bingeable Schedule,Non-Netflix,Romantic TV Dramas,Dramas,Taiwanese
Spartacus,Season 1,0:55:00,,25.01.2010,,Non-Netflix,Action,Adventure,Biography
Start-Up,Season 1,1:20:00,17.10.2020,17.10.2020,Bingeable Schedule,Netflix,Romantic TV Dramas,Dramas,Korean
Fauda,Season 1,1:00:00,02.12.2016,02.12.2016,Non-Bingeable Schedule,Netflix,Dramas,Israeli,Action
Longmire,Season 1,1:00:00,,07.03.2016,,Non-Netflix,Action,Crime,Drama
Blue Exorcist,Season 1,0:30:00,16.08.2019,17.04.2011,Non-Bingeable Schedule,Non-Netflix,Shounen Anime,Sci-Fi & Fantasy Anime,Anime Action
Marco Polo,Season 1,1:00:00,07.03.2016,12.12.2014,Non-Bingeable Schedule,Netflix,Dramas,Action,Period Pieces
Turbo FAST,Season 1,0:23:00,,24.12.2013,,Non-Netflix,Animation,Action,Adventure
Master of None,Season 1,0:30:00,07.03.2016,06.11.2015,Non-Bingeable Schedule,Netflix,Dramas,Comedies,LGBTQ
Well-Intended Love,Season 1,0:45:00,17.05.2019,01.17.2019,Non-Bingeable Schedule,Netflix,Romantic TV Dramas,Dramas,Comedies
The Princess Weiyoung,Season 1,0:45:00,10.05.2019,11.11.2016,Bingeable Schedule,Non-Netflix,Romantic TV Dramas,Dramas,Based on Books
Inside the Worldâ€™s Toughest Prisons,Season 1,0:47:00,15.08.2017,03.10.2017,Non-Bingeable Schedule,Non-Netflix,British,Crime,Docuseries
Zig & Sharko,Season 1,0:07:00,08.09.2017,21.12.2010,Non-Bingeable Schedule,Non-Netflix,Animation,Comedy,Family
Desperate Housewives,Season 1,0:45:00,,03.10.2004,,Non-Netflix,Comedy,Drama,Mystery
StartUp,Season 1,0:44:00,,06.09.2016,,Non-Netflix,Crime,Thriller,
Offspring,Season 1,1:00:00,,01.09.2016,,Non-Netflix,Comedy,Drama,
Legacies,Season 1,0:45:00,,25.10.2018,,Non-Netflix,Adventure,Drama,Fantasy
The Deep,Season 1,0:22:00,01.12.2016,01.12.2015,Non-Bingeable Schedule,Non-Netflix,Kids,Australian,TV Cartoons
The Order,Season 1,1:00:00,07.03.2019,07.03.2019,Non-Bingeable Schedule,Netflix,Dramas,Canadian,Teen
Hometown Cha-Cha-Cha,Season 1,1:10:00,28.08.2021,28.08.2021,Bingeable Schedule,Netflix,Korean,Comedies,Romantic TV
Roman Empire,Season 1,0:48:00,11.11.2016,11.11.2016,Non-Bingeable Schedule,Netflix,Dramas,Historical Documentaries,Docuseries
The Final Table,Season 1,1:00:00,20.11.2018,20.11.2018,Bingeable Schedule,Netflix,Family,Food & Travel,Competition
Real Detective,Season 1,0:43:00,,01.01.2016,,Non-Netflix,Documentary,Crime,Drama
Sense8,Season 1,1:00:00,07.03.2016,05.06.2015,Non-Bingeable Schedule,Netflix,Dramas,Sci-Fi,LGBTQ
The Lincoln Lawyer,Season 1,1:00:00,13.05.2022,13.05.2022,Bingeable Schedule,Netflix,Dramas,Courtrooms TV,Based on Books
Itaewon Class,Season 1,1:10:00,31.02.2020,01.02.2020,Bingeable Schedule,Netflix,Dramas,Korean,Based on Webtoons
Dora the Explorer,Season 1,0:30:00,07.07.2018,01.01.2001,Non-Bingeable Schedule,Non-Netflix,Kids,Education,TV Cartoons
Kingdom,Season 1,0:45:00,25.01.2019,25.01.2019,Non-Bingeable Schedule,Netflix,Political TV,Dramas,Korean
El Chapo,Season 1,0:43:00,16.06.2017,16.06.2017,Non-Bingeable Schedule,Netflix,Dramas,Action,Crime
Chef's Table,Season 1,0:50:00,07.03.2016,29.06.2022,Non-Bingeable Schedule,Netflix,Documentary,,
Your lie in April,Season 1,0:23:00,,09.10.2014,,Non-Netflix,Animation,Comedy,Drama
Henry Danger,Season 1,0:30:00,28.02.2021,08.10.2014,Non-Bingeable Schedule,Non-Netflix,Kids,Sitcoms,Comedies
Arcane,Season 1,0:41:00,07.11.2021,07.11.2021,Bingeable Schedule,Netflix,Action,Fantasy,
BAKI,Season 1,0:45:00,18.12.2018,18.12.2018,Non-Bingeable Schedule,Netflix,Shounen Anime,Anime Action,Japanese
Shadow and Bone,Season 1,1:00:00,23.04.2021,23.04.2021,Non-Bingeable Schedule,Netflix,Dramas,Based on Books,Teen
Blown Away,Season 1,0:23:00,12.07.2019,12.07.2019,Non-Bingeable Schedule,Non-Netflix,Reality-TV,,
Broadchurch,Season 1,0:48:00,,04.08.2013,,Non-Netflix,Crime,Drama,Mystery
The Big Family Cooking Showdown,Season 1,0:59:00,03.11.2017,15.08.2017,Non-Bingeable Schedule,Netflix,Family,Food & Travel,British
Love Is in the Air,Season 1,1:30:00,,09.08.2010,,Non-Netflix,Romance,,
Inheritors,Season 1,0:55:00,15.11.2019,15.11.2019,Bingeable Schedule,Non-Netflix,Romantic TV Dramas,Dramas,Korean
Casual,Season 1,0:25:00,,01.04.2016,,Non-Netflix,Comedy,Drama,
Cleo & Cuquin,Season 1,0:07:00,28.04.2020,22.01.2018,Non-Bingeable Schedule,Non-Netflix,Kids,Spanish,TV Cartoons
Gabby's Dollhouse,Season 1,0:24:00,05.01.2021,19.10.2021,Non-Bingeable Schedule,Netflix,Kids,Kids Music,Education
Brain Games,Season 1,1:00:00,,09.10.2011,,Non-Netflix,Documentary,Comedy,Game-Show
Car Masters,Season 1,0:40:00,14.09.2018,14.09.2018,Non-Bingeable Schedule,Netflix,Makeover Reality-TV,Reality,
West Coast Customs,Season 1,1:00:00,01.12.2016,20.02.2011,Non-Bingeable Schedule,Non-Netflix,Family,Reality,
Friends from College,Season 1,0:30:00,14.07.2017,14.07.2017,Non-Bingeable Schedule,Netflix,Comedies,Romantic TV,
Bunk'd,Season 1,0:30:00,,01.09.2015,,Non-Netflix,Comedy,Drama,Family
The Fairly OddParents,Season 1,0:30:00,,30.03.2001,,Non-Netflix,Animation,Adventure,Comedy
Anne,Season 1,0:53:00,,02.01.2022,,Non-Netflix,Drama,History,
Jessie,Season 1,0:30:00,,30.09.2011,,Non-Netflix,Comedy,Drama,Family
After Life,Season 1,0:30:00,08.03.2019,08.03.2019,Non-Bingeable Schedule,Netflix,Dramas,British,Comedies
Dear White People,Season 1,0:30:00,28.04.2017,28.04.2017,Non-Bingeable Schedule,Netflix,Dramas,Comedies,
Stargate SG-1,Season 1,0:44:00,,27.07.1997,,Non-Netflix,Action,Adventure,Drama
Black Lightning,Season 1,0:43:00,23.01.2018,23.01.2018,Non-Bingeable Schedule,Netflix,Dramas,Sci-Fi,Action
0.03,Season 1,0:49:00,25.11.2016,25.11.2016,Non-Bingeable Schedule,Netflix,Political TV,Dramas,Brazilian
Fabulous Lives of Bollywood Wives,Season 1,0:35:00,27.11.2020,27.11.2020,Non-Bingeable Schedule,Netflix,Documentary,Reality-TV,Romance
Unfabulous,Season 1,0:24:00,,12.09.2004,,Non-Netflix,Comedy,Drama,Family
Who Killed Sara?,Season 1,0:40:00,24.03.2021,24.03.2021,Non-Bingeable Schedule,Netflix,Dramas,Mexican,Mysteries
Do Do Sol Sol La La Sol,Season 1,1:00:00,07.10.2020,07.10.2020,Bingeable Schedule,Netflix,Romantic TV Dramas,Dramas,Korean
Dark Desire,Season 1,0:30:00,15.07.2020,07.10.2020,Non-Bingeable Schedule,Netflix,Mexican,Mysteries,Crime
Kuroko's Basketball,Season 1,0:24:00,15.01.2021,07.04.2012,Non-Bingeable Schedule,Non-Netflix,Shounen Anime,Japanese,Teen
Ratched,Season 1,1:00:00,18.09.2020,18.09.2020,Bingeable Schedule,Netflix,Medical TV,Dramas,Based on Books
Love Cheque Charge,Season 1,0:48:00,,03.09.2014,Bingeable Schedule,Non-Netflix,Drama,,
My First First Love,Season 1,0:50:00,18.04.2019,18.04.2019,Non-Bingeable Schedule,Netflix,Romantic TV Dramas,Dramas,Korean
Boys Over Flowers,Season 1,1:10:00,03.05.2022,03.05.2022,Bingeable Schedule,Non-Netflix,Romantic TV Dramas,Dramas,Korean
Salvation,Season 1,0:43:00,31.12.2017,12.07.2017,Non-Bingeable Schedule,Non-Netflix,Dramas,Sci-Fi,Thriller
Bodyguard,Season 1,1:00:00,24.10.2018,24.10.2018,Bingeable Schedule,Netflix,Political TV,Dramas,British
Van Helsing,Season 1,0:43:00,17.12.2016,23.09.2016,Non-Bingeable Schedule,Netflix,Dramas,Canadian,Action
Rhythm + Flow,Season 1,0:52:00,09.10.2019,09.10.2019,Bingeable Schedule,Netflix,Music,Competition,Hip-Hop
R.L. Stine's The Haunting Hour,Season 1,0:23:00,,22.12.2021,,Non-Netflix,Action,Adventure,Comedy
No Good Nick,Season 1,0:30:00,15.04.2019,15.04.2019,Non-Bingeable Schedule,Netflix,Kids,Sitcoms,Dramas
I AM A KILLER,Season 1,0:52:00,03.08.2018,03.08.2018,Non-Bingeable Schedule,Netflix,Documentary,Crime,
School of Rock,Season 1,0:30:00,,16.05.2019,,Non-Netflix,Comedy,Family,Musical
It's Always Sunny in Philadelphia,Season 1,0:22:00,,04.08.2005,,Non-Netflix,Comedy,,
Toradora!,Season 1,0:24:00,01.08.2020,01.08.2020,Bingeable Schedule,Non-Netflix,Japanese,Anime based on Light Novels,Romance Anime
Meteor Garden,Season 1,0:45:00,13.07.2018,13.07.2018,Bingeable Schedule,Netflix,Romantic TV Dramas,Dramas,Teen
Psych,Season 1,0:44:00,,07.07.2006,,Non-Netflix,Comedy,Crime,Mystery
Magic for Humans,Season 1,0:23:00,17.08.2018,17.08.2018,Non-Bingeable Schedule,Netflix,Reality,Comedies,
The Looney Tunes Show,Season 1,0:23:00,,03.05.2011,,Non-Netflix,Animation,Adventure,Comedy
Travelers,Season 1,0:45:00,07.06.2017,17.10.2016,Non-Bingeable Schedule,Netflix,Dramas,Canadian,Sci-Fi
American Vandal,Season 1,0:34:00,15.09.2017,15.09.2017,Non-Bingeable Schedule,Netflix,Teen,Comedies,Mockumentaries
Mr. Sunshine,Season 1,1:20:00,07.07.2018,07.07.2018,Bingeable Schedule,Netflix,Romantic TV Dramas,Political TV,Dramas
Dark Matter,Season 1,0:42:00,15.06.2016,12.06.2015,Non-Bingeable Schedule,Non-Netflix,Canadian,Sci-Fi,Thriller
My Secret Romance,Season 1,0:47:00,,17.04.2017,,Non-Netflix,Comedy,Romance,
Power Rangers Ninja Steel,Season 1,0:21:00,15.10.2017,21.01.2017,Bingeable Schedule,Non-Netflix,Kids,,
Norsemen,Season 1,0:30:00,18.08.2017,18.08.2017,Non-Bingeable Schedule,Non-Netflix,Sitcoms,Norwegian,Comedies
The Kominsky Method,Season 1,0:30:00,16.11.2018,16.11.2018,Non-Bingeable Schedule,Netflix,Sitcoms,Dramas,Comedies
Cursed,Season 1,1:00:00,17.07.2020,17.07.2020,Bingeable Schedule,Netflix,Dramas,British,Based on Books
Marvel's The Defenders,Season 1,0:50:00,,18.08.2017,,Non-Netflix,Action,Adventure,Crime
Reign,Season 1,0:42:00,,17.10.2013,,Non-Netflix,Drama,,
Down to Earth with Zac Efron,Season 1,0:40:00,10.07.2020,10.07.2020,Non-Bingeable Schedule,Netflix,Family,Food & Travel,Nature & Ecology
Fargo,Season 1,0:53:00,,15.04.2014,,Non-Netflix,Crime,Drama,Thriller
Our Beloved Summer,Season 1,1:10:00,06.12.2021,06.12.2021,Bingeable Schedule,Netflix,Korean,Comedies,Romantic TV
Parenthood,Season 1,1:00:00,,02.03.2010,,Non-Netflix,Comedy,Drama,
Happy Endings,Season 1,0:22:00,,13.04.2011,,Non-Netflix,Comedy,Romance,
Goosebumps,Season 1,0:22:00,,28.10.1995,,Non-Netflix,Fantasy,Horror,Mystery
LoliRock,Season 1,0:26:00,,18.10.2014,,Non-Netflix,Animation,Action,Adventure
Marvel's Agents of S.H.I.E.L.D.,Season 1,0:45:00,,24.09.2013,,Non-Netflix,Action,Adventure,Drama
Trinkets,Season 1,0:30:00,14.06.2019,14.06.2019,Non-Bingeable Schedule,Netflix,Dramas,Based on Books,Teen
Freaks and Geeks,Season 1,0:44:00,,25.09.1999,,Non-Netflix,Comedy,Drama,
Lee Daniels' Star,Season 1,0:42:00,,14.12.2016,,Non-Netflix,Drama,Music,Musical
Surviving Escobar - Alias JJ,Season 1,0:45:00,01.08.2017,08.02.2017,Bingeable Schedule,Netflix,Dramas,Colombian,Based on Books
The OA,Season 1,1:00:00,16.12.2016,16.12.2016,,Netflix,Dramas,Sci-Fi,Mysteries
Man Like Mobeen,Season 1,0:21:00,17.12.2018,17.12.2018,,Non-Netflix,British,Comedies,
The Magic School Bus Rides Again,Season 1,0:26:00,30.09.2017,29.09.2017,Non-Bingeable Schedule,Netflix,Kids,Canadian,Education
The Irregular at Magic High School,Season 1,0:22:00,24.01.2018,05.04.2014,Non-Bingeable Schedule,Non-Netflix,Sci-Fi & Fantasy Anime,Anime Action,Japanese
Great News,Season 1,0:22:00,23.08.2018,25.10.2018,Non-Bingeable Schedule,Non-Netflix,Sitcoms,Comedies,
Cinderella and the Four Knights,Season 1,1:00:00,15.12.2019,12.08.2016,Bingeable Schedule,Non-Netflix,Romantic TV Dramas,Dramas,Korean
Romance Is a Bonus Book,Season 1,1:02:00,02.02.2019,02.02.2019,Bingeable Schedule,Netflix,Romantic TV Dramas,Dramas,Korean
Storage Wars,Season 1,0:22:00,,01.12.2010,,Non-Netflix,Reality-TV,,
The Rational Life,Season 1,0:45:00,18.06.2021,18.06.2021,Bingeable Schedule,Netflix,Romantic TV Dramas,Dramas,Chinese
Kenny vs. Spenny,Season 1,0:22:00,,23.12.2010,,Non-Netflix,Comedy,Game-Show,Reality-TV
GLOW,Season 1,0:35:00,23.06.2017,23.06.2017,Non-Bingeable Schedule,Netflix,Dramas,Comedies,
A Love So Beautiful,Season 1,0:20:00,28.12.2020,28.12.2020,Bingeable Schedule,Netflix,Korean,Based on Books,Teen
Abby Hatcher,Season 1,0:23:00,15.04.2019,31.12.2018,Non-Bingeable Schedule,Non-Netflix,Kids,Canadian,Kids Music
Cold Case Files Classic,Season 1,0:43:00,,27.02.2017,,Non-Netflix,Documentary,Crime,
Kill la Kill,Season 1,0:25:00,,03.10.2013,,Non-Netflix,Animation,Action,Comedy
Walking with Dinosaurs,Season 1,0:30:00,,04.10.1999,,Non-Netflix,Documentary,Animation,History
PIECES OF HER,Season 1,0:52:00,04.03.2022,04.03.2022,Bingeable Schedule,Netflix,Dramas,Based on Books,Mysteries
Justice League Unlimited,Season 1,0:23:00,,31.07.2004,,Non-Netflix,Animation,Action,Adventure
The Alienist,Season 1,1:00:00,19.04.2018,19.04.2018,Non-Bingeable Schedule,Netflix,Dramas,Based on Books,Mysteries
The Musketeers,Season 1,0:55:00,,20.04.2014,,Non-Netflix,Adventure,Drama,
The Rain,Season 1,0:45:00,04.05.2018,04.05.2018,Non-Bingeable Schedule,Netflix,Dramas,Danish,Sci-Fi
Grizzy and the Lemmings,Season 1,0:07:00,12.12.2020,03.10.2016,Non-Bingeable Schedule,Non-Netflix,Kids,Comedies,TV Cartoons
America's Funniest Home Videos,Season 1,0:30:00,,26.11.1989,,Non-Netflix,Comedy,Family,Reality-TV
Colony,Season 1,0:42:00,,14.01.2016,,Non-Netflix,Action,Adventure,Drama
Is It Cake?,Season 1,0:40:00,18.03.2022,18.03.2022,Bingeable Schedule,Netflix,Family,Food & Travel,Competition
Larva,Season 1,0:02:00,Unsure,29.06.2022,,Non-Netflix,Animation,Short,Adventure
The Twilight Zone (Original Series),Season 1,0:51:00,,02.10.1989,,Non-Netflix,Drama,Fantasy,Horror
Phineas and Ferb,Season 1,0:15:00,,01.06.2011,,Non-Netflix,Animation,Short,Action
The Good Doctor,Season 1,0:41:00,,25.09.2017,,Non-Netflix,Drama,,
House of Anubis,Season 1,0:15:00,,01.01.2011,,Non-Netflix,Adventure,Drama,Family
Maid-Sama!,Season 1,0:24:00,,02.04.2010,,Non-Netflix,Animation,Comedy,Romance
PokÃ©mon Master Journeys,Season 1,0:22:00,02.09.2022,02.09.2022,Bingeable Schedule,Non-Netflix,Kids,Japanese,Video Games
Dirty Money,Season 1,1:00:00,26.01.2018,26.01.2018,Non-Bingeable Schedule,Netflix,Documentary,Crime,
Get Organized with The Home Edit,Season 1,0:30:00,09.09.2020,09.09.2020,Non-Bingeable Schedule,Netflix,Reality-TV,,
Lie to Me,Season 1,0:43:00,,24.01.2009,,Non-Netflix,Crime,Drama,Mystery
Rookie Historian Goo Hae-Ryung,Season 1,0:35:00,17.07.2019,17.07.2019,Bingeable Schedule,Netflix,Romantic TV Dramas,Dramas,Korean
Russian Doll,Season 1,0:30:00,01.02.2019,01.02.2019,Non-Bingeable Schedule,Netflix,Dramas,Comedies,
Don't Trust the B---- in Apartment 23,Season 1,0:22:00,,11.04.2012,,Non-Netflix,Comedy,,
How the Universe Works,Season 1,1:00:00,,25.04.2010,,Non-Netflix,Documentary,,
Into the Badlands,Season 1,0:42:00,05.03.2017,15.11.2015,Non-Bingeable Schedule,Non-Netflix,Action,,
L.A.â€™s Finest,Season 1,1:00:00,,13.09.2019,,Non-Netflix,Action,Comedy,Crime
History 101,Season 1,0:22:00,22.05.2020,22.05.2020,Non-Bingeable Schedule,Netflix,Documentary,History,
South Park,Season 1,0:22:00,,13.08.1997,,Non-Netflix,Animation,Comedy,
The Guardian,Season 1,1:00:00,,25.09.2001,,Non-Netflix,Crime,Drama,
Floor Is Lava,Season 1,0:38:00,19.06.2020,19.06.2020,Non-Bingeable Schedule,Netflix,Family,Competition,Reality
Away,Season 1,0:50:00,04.09.2020,04.09.2020,Bingeable Schedule,Netflix,Romantic TV Dramas,Dramas,Sci-Fi
Midnight Diner,Season 1,0:24:00,01.06.2020,09.10.2009,Bingeable Schedule,Non-Netflix,Dramas,Japanese,Based on Manga
You vs. Wild,Season 1,0:20:00,10.04.2019,10.04.2019,Bingeable Schedule,Netflix,Kids,Family,Science & Nature
She-Ra and the Princesses of Power,Season 1,0:30:00,13.11.2018,13.11.2018,Non-Bingeable Schedule,Netflix,Kids,Family,TV Cartoons
Living with Yourself,Season 1,0:26:00,18.10.2019,18.10.2019,Bingeable Schedule,Netflix,Dramas,Comedies,
Game Shakers,Season 1,0:30:00,10.07.2018,12.09.2015,Non-Bingeable Schedule,Non-Netflix,Kids,Sitcoms,Comedies
Alice in Borderland,Season 1,0:50:00,10.12.2020,10.12.2020,Non-Bingeable Schedule,Netflix,Japanese,Sci-Fi,Action
Love Alarm,Season 1,0:50:00,22.08.2019,22.08.2019,Non-Bingeable Schedule,Netflix,Romantic TV Dramas,Dramas,Korean
Maggie & Bianca,Season 1,0:24:00,,29.08.2016,,Non-Netflix,Comedy,Drama,Family
Close Enough,Season 1,0:23:00,14.09.2020,14.09.2020,Non-Bingeable Schedule,Netflix,Comedies,,
Black Summer,Season 1,0:40:00,11.04.2019,11.04.2019,Non-Bingeable Schedule,Netflix,Dramas,Action,Horror